RAISING ELECTRONICS Cantilever Server Shelf Vented Shelves Rack Mount 19inch 1U 10inch(250mm) Deep,$21.99,https://m.media-amazon.com/images/I/515olrr1CpL._AC_UL320_.jpg
SOG HXB-01 Hex Bit Accessory Kit consumer electronics Electronics,$21.88,https://m.media-amazon.com/images/I/5197Tw1ab3L._AC_UL320_.jpg
Learn SQL Server Administration in a Month of Lunches: Covers Microsoft SQL Server 2005-2014,$32.24,https://m.media-amazon.com/images/I/61WUMA+qkSL._AC_UL320_.jpg
2.5 inch Hard Drive Caddy DXD9H 0DXD9H Compatible for Dell PowerEdge Servers - 14th Generation R440 R640 R740 R740xd R840 R940 R6415 R7415 R7425,$9.99,https://m.media-amazon.com/images/I/61NSk+yF7cL._AC_UL320_.jpg
New X7K8W GEN14 3.5" HDD Tray Caddy for POWEREDGE Server R740 R740xd R7415 R940 R640 R6415,$9.89,https://m.media-amazon.com/images/I/61EZC7-ShpL._AC_UL320_.jpg
Pulse Chip Mod ACE V3 Chip with Improved Code Good Electric Component and Clear Circuit Layout Supports for X360 ACE V3,$8.89,https://m.media-amazon.com/images/I/61m64WqPVHL._AC_UL320_.jpg
Hospitality Consumer HB46/JULEP-G-001 Juliep 6.5" Dual Purpose Strainer - Gold,$21.96,https://m.media-amazon.com/images/I/71zKOOVQd6L._AC_UL320_.jpg
Delphi TD4523W Bar Bushing Kit,$13.14,https://m.media-amazon.com/images/I/61NzcsG40SL._AC_UL320_.jpg
HP SAS Internal Cable Kit - for ProLiant DL380 Gen9 785989-B21,$8.28,https://m.media-amazon.com/images/I/61KxDjOA7-L._AC_UL320_.jpg
HP Ribbon Cable 80WAY for PROLIANT,Null,https://m.media-amazon.com/images/I/71Xe6lVx0RL._AC_UL320_.jpg
412202-001:DL360 MULTIBAY MEDIA,$14.99,https://m.media-amazon.com/images/I/61zVmbXDL2L._AC_UL320_.jpg
IBM 4849KDF Windows Small Business Server 2011 (CD-ROM),$12.95,https://m.media-amazon.com/images/I/71nL4XUcG6L._AC_UL320_.jpg
HP 452698-B21 PCI-X Riser Kit FORDL160G5/DL165G5 Serial Port Card,$14.55,https://m.media-amazon.com/images/I/41foOQuFW2S._AC_UL320_.jpg
Hospitality Consumer HB46/PROMEGJIG-M-001 ProMegJig 1 oz. / 1.5 oz. - Chrome,$17.70,https://m.media-amazon.com/images/I/61VOtZn5fCL._AC_UL320_.jpg
Hospitality Consumer HB46/BARRAY-001 Barray 4.75" Strainer - Chrome,$12.11,https://m.media-amazon.com/images/I/31gi1j6oOPL._AC_UL320_.jpg
Hospitality Consumer HB46/X-003-PB-001 Long 12" Tweezers - Black,$16.18,https://m.media-amazon.com/images/I/612huvMOZBL._AC_UL320_.jpg
Hospitality Consumer HB46/BARSTIK-PB-001 Barstik 9" - Black,$21.35,https://m.media-amazon.com/images/I/71IZ6ViCh8L._AC_UL320_.jpg
Hospitality Consumer HB46/PF006-001 Proflow - Black,$13.77,https://m.media-amazon.com/images/I/518EjLzMDiL._AC_UL320_.jpg
Hospitality Consumer HB46/PF005-001 Proflow - Copper,$13.93,https://m.media-amazon.com/images/I/51h5qOaN9IL._AC_UL320_.jpg
Hospitality Consumer HB46/X-034-G-001 Toby Tin 19.5 oz. - Gold,$14.79,https://m.media-amazon.com/images/I/31QSgvP76xL._AC_UL320_.jpg
Hospitality Consumer HB46/PROMEGJIG-MC-001 ProMegJig 1 oz. / 1.5 oz. - Copper,$24.32,https://m.media-amazon.com/images/I/61knPPIWoKL._AC_UL320_.jpg
Hospitality Consumer HB46/BARRAY-PB-001 Barray 4.75" Strainer - Black,$17.80,https://m.media-amazon.com/images/I/41utHFWWLeL._AC_UL320_.jpg
Hospitality Consumer HB46/BF006-001 Barflow 4.75" - Black,$7.34,https://m.media-amazon.com/images/I/61BiPWOyzkL._AC_UL320_.jpg
Hospitality Consumer HB46/BARRAY-C-001 Barray 4.75" Strainer - Copper,$17.74,https://m.media-amazon.com/images/I/41yO9xGlxJL._AC_UL320_.jpg
